customer_id,segment,sku_affinity_json
CUST-001,large,"{""SKU-001"": 0.20, ""SKU-002"": 0.15, ""SKU-003"": 0.15, ""SKU-004"": 0.10, ""SKU-005"": 0.10, ""SKU-011"": 0.10, ""SKU-015"": 0.10, ""SKU-018"": 0.10}"
CUST-002,large,"{""SKU-001"": 0.10, ""SKU-003"": 0.20, ""SKU-006"": 0.15, ""SKU-007"": 0.15, ""SKU-008"": 0.15, ""SKU-012"": 0.10, ""SKU-016"": 0.10, ""SKU-019"": 0.05}"
CUST-003,large,"{""SKU-002"": 0.15, ""SKU-004"": 0.15, ""SKU-005"": 0.20, ""SKU-009"": 0.15, ""SKU-010"": 0.15, ""SKU-013"": 0.10, ""SKU-017"": 0.10}"
CUST-004,large,"{""SKU-001"": 0.15, ""SKU-006"": 0.20, ""SKU-007"": 0.15, ""SKU-008"": 0.10, ""SKU-010"": 0.10, ""SKU-014"": 0.10, ""SKU-020"": 0.10, ""SKU-021"": 0.10}"
CUST-005,large,"{""SKU-002"": 0.10, ""SKU-003"": 0.10, ""SKU-004"": 0.20, ""SKU-009"": 0.20, ""SKU-011"": 0.10, ""SKU-015"": 0.10, ""SKU-022"": 0.10, ""SKU-025"": 0.10}"
CUST-006,small,"{""SKU-011"": 0.20, ""SKU-012"": 0.15, ""SKU-015"": 0.20, ""SKU-016"": 0.20, ""SKU-021"": 0.15, ""SKU-022"": 0.10}"
CUST-007,small,"{""SKU-013"": 0.20, ""SKU-014"": 0.20, ""SKU-017"": 0.20, ""SKU-018"": 0.20, ""SKU-023"": 0.20}"
CUST-008,small,"{""SKU-005"": 0.15, ""SKU-011"": 0.15, ""SKU-015"": 0.15, ""SKU-019"": 0.20, ""SKU-020"": 0.20, ""SKU-024"": 0.15}"
CUST-009,small,"{""SKU-001"": 0.10, ""SKU-012"": 0.20, ""SKU-016"": 0.20, ""SKU-021"": 0.20, ""SKU-022"": 0.20, ""SKU-025"": 0.10}"
CUST-010,small,"{""SKU-003"": 0.15, ""SKU-013"": 0.15, ""SKU-018"": 0.20, ""SKU-019"": 0.20, ""SKU-023"": 0.15, ""SKU-024"": 0.15}"
CUST-011,small,"{""SKU-007"": 0.20, ""SKU-014"": 0.20, ""SKU-017"": 0.20, ""SKU-020"": 0.20, ""SKU-025"": 0.20}"
CUST-012,small,"{""SKU-004"": 0.15, ""SKU-011"": 0.25, ""SKU-012"": 0.25, ""SKU-015"": 0.20, ""SKU-016"": 0.15}"
CUST-013,small,"{""SKU-006"": 0.15, ""SKU-013"": 0.20, ""SKU-018"": 0.20, ""SKU-021"": 0.25, ""SKU-022"": 0.20}"
CUST-014,small,"{""SKU-005"": 0.20, ""SKU-015"": 0.20, ""SKU-017"": 0.20, ""SKU-024"": 0.20, ""SKU-025"": 0.20}"
CUST-015,small,"{""SKU-002"": 0.15, ""SKU-012"": 0.20, ""SKU-016"": 0.20, ""SKU-019"": 0.25, ""SKU-020"": 0.20}"
CUST-016,spot,"{""SKU-026"": 0.30, ""SKU-027"": 0.30, ""SKU-011"": 0.20, ""SKU-015"": 0.20}"
CUST-017,spot,"{""SKU-028"": 0.40, ""SKU-029"": 0.30, ""SKU-012"": 0.30}"
CUST-018,spot,"{""SKU-027"": 0.25, ""SKU-030"": 0.25, ""SKU-014"": 0.25, ""SKU-021"": 0.25}"
CUST-019,spot,"{""SKU-026"": 0.20, ""SKU-028"": 0.20, ""SKU-029"": 0.20, ""SKU-016"": 0.20, ""SKU-022"": 0.20}"
CUST-020,spot,"{""SKU-027"": 0.25, ""SKU-030"": 0.25, ""SKU-013"": 0.25, ""SKU-023"": 0.25}"
