sku_id,period_start,period_end,cogs,holding_cost,ordering_cost,stockout_cost
SKU-001,2025-01-01,2025-12-31,842024.13,9085.44,10446.36,31088.53
SKU-002,2025-01-01,2025-12-31,918688.28,11363.36,9882.39,30411.57
SKU-003,2025-01-01,2025-12-31,941450.39,17082.06,5925.69,45730.39
SKU-004,2025-01-01,2025-12-31,696984.57,9419.18,9271.78,14241.72
SKU-005,2025-01-01,2025-12-31,645438.6,5999.06,5389.7,30615.66
SKU-006,2025-01-01,2025-12-31,913701.63,12067.62,9378.19,40071.39
SKU-007,2025-01-01,2025-12-31,698312.62,6513.95,2961.36,22683.74
SKU-008,2025-01-01,2025-12-31,1145097.15,17819.4,6942.86,51444.6
SKU-009,2025-01-01,2025-12-31,708839.82,12694.88,4723.91,24861.46
SKU-010,2025-01-01,2025-12-31,888827.84,9206.59,4457.38,25931.98
SKU-011,2025-01-01,2025-12-31,398706.43,1363.58,2012.78,5645.9
SKU-012,2025-01-01,2025-12-31,256792.96,469.97,6687.63,8600.45
SKU-013,2025-01-01,2025-12-31,529587.79,2423.6,2189.14,12062.64
SKU-014,2025-01-01,2025-12-31,288694.48,775.64,15469.77,10394.96
SKU-015,2025-01-01,2025-12-31,183870.36,307.48,5313.02,8736.16
SKU-016,2025-01-01,2025-12-31,127966.36,182.73,17120.0,4536.54
SKU-017,2025-01-01,2025-12-31,499632.93,3409.52,10681.82,16807.85
SKU-018,2025-01-01,2025-12-31,580022.36,4839.29,19982.54,11905.31
SKU-019,2025-01-01,2025-12-31,499625.36,3128.83,1627.31,12729.18
SKU-020,2025-01-01,2025-12-31,429341.53,3310.9,7262.43,13557.01
SKU-021,2025-01-01,2025-12-31,226371.49,722.47,2469.37,11246.92
SKU-022,2025-01-01,2025-12-31,276967.66,1218.85,5363.07,11053.05
SKU-023,2025-01-01,2025-12-31,374558.19,3775.93,10285.94,16361.68
SKU-024,2025-01-01,2025-12-31,401717.02,2796.93,3281.03,16841.9
SKU-025,2025-01-01,2025-12-31,385180.56,3289.82,20090.17,10902.95
SKU-026,2025-01-01,2025-12-31,101791.07,4188.38,6330.9,4186.04
SKU-027,2025-01-01,2025-12-31,63273.22,4087.12,2685.1,2120.27
SKU-028,2025-01-01,2025-12-31,65737.72,6081.65,7953.9,2064.01
SKU-029,2025-01-01,2025-12-31,65715.52,2662.87,12842.79,2792.7
SKU-030,2025-01-01,2025-12-31,224429.06,15547.58,5743.75,3184.96
