order_id,customer_id,sku_id,ship_from_location_id,region,quantity,order_date,requested_ship_date,status
CO-0001,CUST-001,SKU-002,WH-001,Kanto,200,2026-07-04,2026-07-07,open
CO-0002,CUST-003,SKU-004,WH-001,Kansai,200,2026-07-04,2026-07-07,open
CO-0003,CUST-002,SKU-001,WH-001,Tohoku,150,2026-07-04,2026-07-07,open
CO-0004,CUST-004,SKU-003,WH-001,Kyushu,150,2026-07-04,2026-07-07,open
CO-0005,CUST-005,SKU-010,WH-001,Kanto,50,2026-06-25,2026-07-02,shipped
CO-0006,CUST-006,SKU-012,WH-002,Kansai,70,2026-06-25,2026-07-02,shipped
CO-0007,CUST-007,SKU-015,WH-001,Kanto,30,2026-06-27,2026-07-03,shipped
CO-0008,CUST-008,SKU-016,WH-002,Chubu,40,2026-06-27,2026-07-03,shipped
CO-0009,CUST-001,SKU-008,WH-001,Kanto,20,2026-06-19,2026-06-29,shipped
CO-0010,CUST-002,SKU-009,WH-002,Kansai,25,2026-06-18,2026-06-28,shipped
CO-0011,CUST-003,SKU-010,WH-001,Tohoku,30,2026-06-17,2026-06-27,shipped
CO-0012,CUST-004,SKU-011,WH-002,Kyushu,35,2026-06-16,2026-06-26,shipped
CO-0013,CUST-005,SKU-012,WH-001,Chubu,40,2026-06-15,2026-06-25,shipped
CO-0014,CUST-006,SKU-013,WH-002,Kanto,45,2026-06-14,2026-06-24,shipped
CO-0015,CUST-007,SKU-014,WH-001,Kansai,50,2026-06-13,2026-06-23,shipped
CO-0016,CUST-008,SKU-015,WH-002,Tohoku,55,2026-06-12,2026-06-22,shipped
CO-0017,CUST-001,SKU-016,WH-001,Kanto,60,2026-06-11,2026-06-21,shipped
CO-0018,CUST-002,SKU-017,WH-002,Kansai,65,2026-06-10,2026-06-20,shipped
CO-DS01,CUST-009,SKU-008,WH-001,Kanto,50,2026-05-25,2026-05-30,shipped
CO-DS02,CUST-009,SKU-008,WH-001,Kanto,50,2026-06-19,2026-06-24,shipped
CO-DS03,CUST-009,SKU-008,WH-001,Kanto,50,2026-06-24,2026-06-29,shipped
CO-DS04,CUST-009,SKU-008,WH-001,Kanto,50,2026-06-29,2026-07-04,shipped
CO-DS05,CUST-010,SKU-008,WH-002,Kansai,50,2026-05-20,2026-05-25,shipped
CO-DS06,CUST-010,SKU-008,WH-002,Kansai,50,2026-05-25,2026-05-30,shipped
CO-DS07,CUST-010,SKU-008,WH-002,Kansai,50,2026-05-30,2026-06-04,shipped
CO-DS08,CUST-010,SKU-008,WH-002,Kansai,50,2026-06-29,2026-07-04,shipped
