sku_id,forecast_date,target_date,forecast_qty,model_version
SKU-001,2025-05-14,2025-06-13,277.59,v1.0-naive
SKU-001,2025-06-13,2025-07-13,301.02,v1.0-naive
SKU-001,2025-07-13,2025-08-12,326.3,v1.0-naive
SKU-001,2025-08-12,2025-09-11,290.77,v1.0-naive
SKU-001,2025-09-11,2025-10-11,303.96,v1.0-naive
SKU-001,2025-10-11,2025-11-10,311.94,v1.0-naive
SKU-001,2025-11-10,2025-12-10,332.73,v1.0-naive
SKU-001,2025-12-10,2026-01-09,308.9,v1.0-naive
SKU-001,2026-01-09,2026-02-08,274.97,v1.0-naive
SKU-001,2026-02-08,2026-03-10,333.54,v1.0-naive
SKU-001,2026-03-10,2026-04-09,313.23,v1.0-naive
SKU-001,2026-04-09,2026-05-09,243.21,v1.0-naive
SKU-002,2025-05-14,2025-06-13,144.79,v1.0-naive
SKU-002,2025-06-13,2025-07-13,155.25,v1.0-naive
SKU-002,2025-07-13,2025-08-12,153.14,v1.0-naive
SKU-002,2025-08-12,2025-09-11,153.41,v1.0-naive
SKU-002,2025-09-11,2025-10-11,152.0,v1.0-naive
SKU-002,2025-10-11,2025-11-10,155.96,v1.0-naive
SKU-002,2025-11-10,2025-12-10,152.57,v1.0-naive
SKU-002,2025-12-10,2026-01-09,140.78,v1.0-naive
SKU-002,2026-01-09,2026-02-08,151.08,v1.0-naive
SKU-002,2026-02-08,2026-03-10,135.28,v1.0-naive
SKU-002,2026-03-10,2026-04-09,134.06,v1.0-naive
SKU-002,2026-04-09,2026-05-09,166.04,v1.0-naive
SKU-003,2025-05-14,2025-06-13,241.99,v1.0-naive
SKU-003,2025-06-13,2025-07-13,251.7,v1.0-naive
SKU-003,2025-07-13,2025-08-12,246.21,v1.0-naive
SKU-003,2025-08-12,2025-09-11,257.18,v1.0-naive
SKU-003,2025-09-11,2025-10-11,245.03,v1.0-naive
SKU-003,2025-10-11,2025-11-10,232.83,v1.0-naive
SKU-003,2025-11-10,2025-12-10,232.28,v1.0-naive
SKU-003,2025-12-10,2026-01-09,236.6,v1.0-naive
SKU-003,2026-01-09,2026-02-08,250.2,v1.0-naive
SKU-003,2026-02-08,2026-03-10,236.21,v1.0-naive
SKU-003,2026-03-10,2026-04-09,241.12,v1.0-naive
SKU-003,2026-04-09,2026-05-09,229.09,v1.0-naive
SKU-004,2025-05-14,2025-06-13,331.46,v1.0-naive
SKU-004,2025-06-13,2025-07-13,410.31,v1.0-naive
SKU-004,2025-07-13,2025-08-12,360.73,v1.0-naive
SKU-004,2025-08-12,2025-09-11,376.1,v1.0-naive
SKU-004,2025-09-11,2025-10-11,326.86,v1.0-naive
SKU-004,2025-10-11,2025-11-10,361.61,v1.0-naive
SKU-004,2025-11-10,2025-12-10,405.8,v1.0-naive
SKU-004,2025-12-10,2026-01-09,414.08,v1.0-naive
SKU-004,2026-01-09,2026-02-08,386.33,v1.0-naive
SKU-004,2026-02-08,2026-03-10,377.88,v1.0-naive
SKU-004,2026-03-10,2026-04-09,397.5,v1.0-naive
SKU-004,2026-04-09,2026-05-09,366.53,v1.0-naive
SKU-005,2025-05-14,2025-06-13,270.35,v1.0-naive
SKU-005,2025-06-13,2025-07-13,272.34,v1.0-naive
SKU-005,2025-07-13,2025-08-12,275.37,v1.0-naive
SKU-005,2025-08-12,2025-09-11,288.04,v1.0-naive
SKU-005,2025-09-11,2025-10-11,265.24,v1.0-naive
SKU-005,2025-10-11,2025-11-10,257.07,v1.0-naive
SKU-005,2025-11-10,2025-12-10,291.78,v1.0-naive
SKU-005,2025-12-10,2026-01-09,306.01,v1.0-naive
SKU-005,2026-01-09,2026-02-08,256.36,v1.0-naive
SKU-005,2026-02-08,2026-03-10,285.49,v1.0-naive
SKU-005,2026-03-10,2026-04-09,271.85,v1.0-naive
SKU-005,2026-04-09,2026-05-09,275.19,v1.0-naive
SKU-006,2025-05-14,2025-06-13,174.75,v1.0-naive
SKU-006,2025-06-13,2025-07-13,179.75,v1.0-naive
SKU-006,2025-07-13,2025-08-12,175.56,v1.0-naive
SKU-006,2025-08-12,2025-09-11,180.55,v1.0-naive
SKU-006,2025-09-11,2025-10-11,177.74,v1.0-naive
SKU-006,2025-10-11,2025-11-10,177.73,v1.0-naive
SKU-006,2025-11-10,2025-12-10,181.47,v1.0-naive
SKU-006,2025-12-10,2026-01-09,176.97,v1.0-naive
SKU-006,2026-01-09,2026-02-08,186.99,v1.0-naive
SKU-006,2026-02-08,2026-03-10,179.08,v1.0-naive
SKU-006,2026-03-10,2026-04-09,167.23,v1.0-naive
SKU-006,2026-04-09,2026-05-09,208.08,v1.0-naive
SKU-007,2025-05-14,2025-06-13,462.31,v1.0-naive
SKU-007,2025-06-13,2025-07-13,387.95,v1.0-naive
SKU-007,2025-07-13,2025-08-12,494.02,v1.0-naive
SKU-007,2025-08-12,2025-09-11,466.2,v1.0-naive
SKU-007,2025-09-11,2025-10-11,506.84,v1.0-naive
SKU-007,2025-10-11,2025-11-10,462.33,v1.0-naive
SKU-007,2025-11-10,2025-12-10,465.03,v1.0-naive
SKU-007,2025-12-10,2026-01-09,456.49,v1.0-naive
SKU-007,2026-01-09,2026-02-08,457.52,v1.0-naive
SKU-007,2026-02-08,2026-03-10,476.12,v1.0-naive
SKU-007,2026-03-10,2026-04-09,448.56,v1.0-naive
SKU-007,2026-04-09,2026-05-09,468.84,v1.0-naive
SKU-008,2025-05-14,2025-06-13,209.05,v2.0-seasonal
SKU-008,2025-06-13,2025-07-13,289.06,v2.0-seasonal
SKU-008,2025-07-13,2025-08-12,287.16,v2.0-seasonal
SKU-008,2025-08-12,2025-09-11,196.78,v2.0-seasonal
SKU-008,2025-09-11,2025-10-11,135.95,v2.0-seasonal
SKU-008,2025-10-11,2025-11-10,137.52,v2.0-seasonal
SKU-008,2025-11-10,2025-12-10,220.51,v2.0-seasonal
SKU-008,2025-12-10,2026-01-09,287.77,v2.0-seasonal
SKU-008,2026-01-09,2026-02-08,288.3,v2.0-seasonal
SKU-008,2026-02-08,2026-03-10,228.88,v2.0-seasonal
SKU-008,2026-03-10,2026-04-09,134.08,v2.0-seasonal
SKU-008,2026-04-09,2026-05-09,127.91,v2.0-seasonal
SKU-009,2025-05-14,2025-06-13,125.13,v2.0-seasonal
SKU-009,2025-06-13,2025-07-13,150.2,v2.0-seasonal
SKU-009,2025-07-13,2025-08-12,175.43,v2.0-seasonal
SKU-009,2025-08-12,2025-09-11,180.76,v2.0-seasonal
SKU-009,2025-09-11,2025-10-11,178.1,v2.0-seasonal
SKU-009,2025-10-11,2025-11-10,154.93,v2.0-seasonal
SKU-009,2025-11-10,2025-12-10,128.02,v2.0-seasonal
SKU-009,2025-12-10,2026-01-09,100.79,v2.0-seasonal
SKU-009,2026-01-09,2026-02-08,68.79,v2.0-seasonal
SKU-009,2026-02-08,2026-03-10,62.79,v2.0-seasonal
SKU-009,2026-03-10,2026-04-09,70.52,v2.0-seasonal
SKU-009,2026-04-09,2026-05-09,85.79,v2.0-seasonal
SKU-010,2025-05-14,2025-06-13,198.71,v2.0-seasonal
SKU-010,2025-06-13,2025-07-13,207.33,v2.0-seasonal
SKU-010,2025-07-13,2025-08-12,247.55,v2.0-seasonal
SKU-010,2025-08-12,2025-09-11,260.27,v2.0-seasonal
SKU-010,2025-09-11,2025-10-11,251.49,v2.0-seasonal
SKU-010,2025-10-11,2025-11-10,208.11,v2.0-seasonal
SKU-010,2025-11-10,2025-12-10,183.07,v2.0-seasonal
SKU-010,2025-12-10,2026-01-09,150.88,v2.0-seasonal
SKU-010,2026-01-09,2026-02-08,111.3,v2.0-seasonal
SKU-010,2026-02-08,2026-03-10,107.62,v2.0-seasonal
SKU-010,2026-03-10,2026-04-09,115.5,v2.0-seasonal
SKU-010,2026-04-09,2026-05-09,138.41,v2.0-seasonal
SKU-011,2025-05-14,2025-06-13,2758.03,v1.0-naive
SKU-011,2025-06-13,2025-07-13,2186.14,v1.0-naive
SKU-011,2025-07-13,2025-08-12,2501.62,v1.0-naive
SKU-011,2025-08-12,2025-09-11,2386.05,v1.0-naive
SKU-011,2025-09-11,2025-10-11,1914.95,v1.0-naive
SKU-011,2025-10-11,2025-11-10,2156.01,v1.0-naive
SKU-011,2025-11-10,2025-12-10,2259.11,v1.0-naive
SKU-011,2025-12-10,2026-01-09,2095.36,v1.0-naive
SKU-011,2026-01-09,2026-02-08,2526.71,v1.0-naive
SKU-011,2026-02-08,2026-03-10,2197.6,v1.0-naive
SKU-011,2026-03-10,2026-04-09,2031.72,v1.0-naive
SKU-011,2026-04-09,2026-05-09,2549.93,v1.0-naive
SKU-012,2025-05-14,2025-06-13,3321.33,v1.0-naive
SKU-012,2025-06-13,2025-07-13,3265.0,v1.0-naive
SKU-012,2025-07-13,2025-08-12,3058.15,v1.0-naive
SKU-012,2025-08-12,2025-09-11,3377.43,v1.0-naive
SKU-012,2025-09-11,2025-10-11,3377.19,v1.0-naive
SKU-012,2025-10-11,2025-11-10,3239.45,v1.0-naive
SKU-012,2025-11-10,2025-12-10,3664.33,v1.0-naive
SKU-012,2025-12-10,2026-01-09,2881.37,v1.0-naive
SKU-012,2026-01-09,2026-02-08,4089.92,v1.0-naive
SKU-012,2026-02-08,2026-03-10,3440.25,v1.0-naive
SKU-012,2026-03-10,2026-04-09,3871.65,v1.0-naive
SKU-012,2026-04-09,2026-05-09,2648.66,v1.0-naive
SKU-013,2025-05-14,2025-06-13,2257.06,v2.0-seasonal
SKU-013,2025-06-13,2025-07-13,1914.96,v2.0-seasonal
SKU-013,2025-07-13,2025-08-12,2569.92,v2.0-seasonal
SKU-013,2025-08-12,2025-09-11,2594.58,v2.0-seasonal
SKU-013,2025-09-11,2025-10-11,2125.98,v2.0-seasonal
SKU-013,2025-10-11,2025-11-10,2162.39,v2.0-seasonal
SKU-013,2025-11-10,2025-12-10,1555.63,v2.0-seasonal
SKU-013,2025-12-10,2026-01-09,1731.62,v2.0-seasonal
SKU-013,2026-01-09,2026-02-08,1554.59,v2.0-seasonal
SKU-013,2026-02-08,2026-03-10,1317.39,v2.0-seasonal
SKU-013,2026-03-10,2026-04-09,1074.2,v2.0-seasonal
SKU-013,2026-04-09,2026-05-09,1278.79,v2.0-seasonal
SKU-014,2025-05-14,2025-06-13,2441.69,v2.0-seasonal
SKU-014,2025-06-13,2025-07-13,2997.83,v2.0-seasonal
SKU-014,2025-07-13,2025-08-12,3738.82,v2.0-seasonal
SKU-014,2025-08-12,2025-09-11,3602.81,v2.0-seasonal
SKU-014,2025-09-11,2025-10-11,2979.66,v2.0-seasonal
SKU-014,2025-10-11,2025-11-10,3133.95,v2.0-seasonal
SKU-014,2025-11-10,2025-12-10,3452.74,v2.0-seasonal
SKU-014,2025-12-10,2026-01-09,2271.2,v2.0-seasonal
SKU-014,2026-01-09,2026-02-08,1870.57,v2.0-seasonal
SKU-014,2026-02-08,2026-03-10,2210.88,v2.0-seasonal
SKU-014,2026-03-10,2026-04-09,1651.61,v2.0-seasonal
SKU-014,2026-04-09,2026-05-09,2892.47,v2.0-seasonal
SKU-015,2025-05-14,2025-06-13,5528.02,v1.0-naive
SKU-015,2025-06-13,2025-07-13,5173.13,v1.0-naive
SKU-015,2025-07-13,2025-08-12,6651.38,v1.0-naive
SKU-015,2025-08-12,2025-09-11,5701.07,v1.0-naive
SKU-015,2025-09-11,2025-10-11,5480.3,v1.0-naive
SKU-015,2025-10-11,2025-11-10,5052.27,v1.0-naive
SKU-015,2025-11-10,2025-12-10,5616.52,v1.0-naive
SKU-015,2025-12-10,2026-01-09,5790.08,v1.0-naive
SKU-015,2026-01-09,2026-02-08,5357.93,v1.0-naive
SKU-015,2026-02-08,2026-03-10,6101.57,v1.0-naive
SKU-015,2026-03-10,2026-04-09,4642.82,v1.0-naive
SKU-015,2026-04-09,2026-05-09,4775.23,v1.0-naive
SKU-016,2025-05-14,2025-06-13,4798.28,v1.0-naive
SKU-016,2025-06-13,2025-07-13,5395.34,v1.0-naive
SKU-016,2025-07-13,2025-08-12,5040.76,v1.0-naive
SKU-016,2025-08-12,2025-09-11,5801.05,v1.0-naive
SKU-016,2025-09-11,2025-10-11,6705.03,v1.0-naive
SKU-016,2025-10-11,2025-11-10,5419.25,v1.0-naive
SKU-016,2025-11-10,2025-12-10,4784.64,v1.0-naive
SKU-016,2025-12-10,2026-01-09,5715.05,v1.0-naive
SKU-016,2026-01-09,2026-02-08,5236.42,v1.0-naive
SKU-016,2026-02-08,2026-03-10,5961.58,v1.0-naive
SKU-016,2026-03-10,2026-04-09,5825.84,v1.0-naive
SKU-016,2026-04-09,2026-05-09,5780.21,v1.0-naive
SKU-017,2025-05-14,2025-06-13,1343.73,v1.0-naive
SKU-017,2025-06-13,2025-07-13,976.81,v1.0-naive
SKU-017,2025-07-13,2025-08-12,912.79,v1.0-naive
SKU-017,2025-08-12,2025-09-11,1445.7,v1.0-naive
SKU-017,2025-09-11,2025-10-11,1121.7,v1.0-naive
SKU-017,2025-10-11,2025-11-10,1093.56,v1.0-naive
SKU-017,2025-11-10,2025-12-10,1167.58,v1.0-naive
SKU-017,2025-12-10,2026-01-09,1150.24,v1.0-naive
SKU-017,2026-01-09,2026-02-08,1566.89,v1.0-naive
SKU-017,2026-02-08,2026-03-10,1155.13,v1.0-naive
SKU-017,2026-03-10,2026-04-09,1391.55,v1.0-naive
SKU-017,2026-04-09,2026-05-09,1034.81,v1.0-naive
SKU-018,2025-05-14,2025-06-13,1049.82,v1.0-naive
SKU-018,2025-06-13,2025-07-13,1035.24,v1.0-naive
SKU-018,2025-07-13,2025-08-12,1023.65,v1.0-naive
SKU-018,2025-08-12,2025-09-11,1078.46,v1.0-naive
SKU-018,2025-09-11,2025-10-11,921.91,v1.0-naive
SKU-018,2025-10-11,2025-11-10,943.21,v1.0-naive
SKU-018,2025-11-10,2025-12-10,1023.72,v1.0-naive
SKU-018,2025-12-10,2026-01-09,865.9,v1.0-naive
SKU-018,2026-01-09,2026-02-08,1084.65,v1.0-naive
SKU-018,2026-02-08,2026-03-10,886.41,v1.0-naive
SKU-018,2026-03-10,2026-04-09,904.11,v1.0-naive
SKU-018,2026-04-09,2026-05-09,1062.93,v1.0-naive
SKU-019,2025-05-14,2025-06-13,1065.4,v1.0-naive
SKU-019,2025-06-13,2025-07-13,1414.46,v1.0-naive
SKU-019,2025-07-13,2025-08-12,1383.96,v1.0-naive
SKU-019,2025-08-12,2025-09-11,1505.09,v1.0-naive
SKU-019,2025-09-11,2025-10-11,1163.59,v1.0-naive
SKU-019,2025-10-11,2025-11-10,1275.05,v1.0-naive
SKU-019,2025-11-10,2025-12-10,1349.96,v1.0-naive
SKU-019,2025-12-10,2026-01-09,1505.49,v1.0-naive
SKU-019,2026-01-09,2026-02-08,1232.39,v1.0-naive
SKU-019,2026-02-08,2026-03-10,1409.24,v1.0-naive
SKU-019,2026-03-10,2026-04-09,1520.35,v1.0-naive
SKU-019,2026-04-09,2026-05-09,1384.45,v1.0-naive
SKU-020,2025-05-14,2025-06-13,1145.85,v1.0-naive
SKU-020,2025-06-13,2025-07-13,1198.29,v1.0-naive
SKU-020,2025-07-13,2025-08-12,982.45,v1.0-naive
SKU-020,2025-08-12,2025-09-11,1018.32,v1.0-naive
SKU-020,2025-09-11,2025-10-11,1254.93,v1.0-naive
SKU-020,2025-10-11,2025-11-10,1280.46,v1.0-naive
SKU-020,2025-11-10,2025-12-10,1381.11,v1.0-naive
SKU-020,2025-12-10,2026-01-09,1206.35,v1.0-naive
SKU-020,2026-01-09,2026-02-08,1141.7,v1.0-naive
SKU-020,2026-02-08,2026-03-10,988.46,v1.0-naive
SKU-020,2026-03-10,2026-04-09,1104.82,v1.0-naive
SKU-020,2026-04-09,2026-05-09,952.91,v1.0-naive
SKU-021,2025-05-14,2025-06-13,2293.62,v1.0-naive
SKU-021,2025-06-13,2025-07-13,2157.47,v1.0-naive
SKU-021,2025-07-13,2025-08-12,1874.19,v1.0-naive
SKU-021,2025-08-12,2025-09-11,2564.32,v1.0-naive
SKU-021,2025-09-11,2025-10-11,2629.64,v1.0-naive
SKU-021,2025-10-11,2025-11-10,2113.98,v1.0-naive
SKU-021,2025-11-10,2025-12-10,2181.94,v1.0-naive
SKU-021,2025-12-10,2026-01-09,3087.36,v1.0-naive
SKU-021,2026-01-09,2026-02-08,2140.0,v1.0-naive
SKU-021,2026-02-08,2026-03-10,2088.79,v1.0-naive
SKU-021,2026-03-10,2026-04-09,2369.89,v1.0-naive
SKU-021,2026-04-09,2026-05-09,2310.63,v1.0-naive
SKU-022,2025-05-14,2025-06-13,1291.82,v1.0-naive
SKU-022,2025-06-13,2025-07-13,1527.12,v1.0-naive
SKU-022,2025-07-13,2025-08-12,1696.85,v1.0-naive
SKU-022,2025-08-12,2025-09-11,1403.71,v1.0-naive
SKU-022,2025-09-11,2025-10-11,1342.8,v1.0-naive
SKU-022,2025-10-11,2025-11-10,1644.66,v1.0-naive
SKU-022,2025-11-10,2025-12-10,1013.17,v1.0-naive
SKU-022,2025-12-10,2026-01-09,1512.62,v1.0-naive
SKU-022,2026-01-09,2026-02-08,1498.39,v1.0-naive
SKU-022,2026-02-08,2026-03-10,1594.3,v1.0-naive
SKU-022,2026-03-10,2026-04-09,1468.82,v1.0-naive
SKU-022,2026-04-09,2026-05-09,1268.51,v1.0-naive
SKU-023,2025-05-14,2025-06-13,881.17,v2.0-seasonal
SKU-023,2025-06-13,2025-07-13,863.02,v2.0-seasonal
SKU-023,2025-07-13,2025-08-12,968.14,v2.0-seasonal
SKU-023,2025-08-12,2025-09-11,1132.69,v2.0-seasonal
SKU-023,2025-09-11,2025-10-11,1141.53,v2.0-seasonal
SKU-023,2025-10-11,2025-11-10,951.0,v2.0-seasonal
SKU-023,2025-11-10,2025-12-10,649.4,v2.0-seasonal
SKU-023,2025-12-10,2026-01-09,675.85,v2.0-seasonal
SKU-023,2026-01-09,2026-02-08,585.84,v2.0-seasonal
SKU-023,2026-02-08,2026-03-10,481.53,v2.0-seasonal
SKU-023,2026-03-10,2026-04-09,646.15,v2.0-seasonal
SKU-023,2026-04-09,2026-05-09,510.55,v2.0-seasonal
SKU-024,2025-05-14,2025-06-13,1936.75,v1.0-naive
SKU-024,2025-06-13,2025-07-13,2072.18,v1.0-naive
SKU-024,2025-07-13,2025-08-12,1944.99,v1.0-naive
SKU-024,2025-08-12,2025-09-11,1702.28,v1.0-naive
SKU-024,2025-09-11,2025-10-11,1642.66,v1.0-naive
SKU-024,2025-10-11,2025-11-10,1793.46,v1.0-naive
SKU-024,2025-11-10,2025-12-10,2091.07,v1.0-naive
SKU-024,2025-12-10,2026-01-09,1608.15,v1.0-naive
SKU-024,2026-01-09,2026-02-08,2037.4,v1.0-naive
SKU-024,2026-02-08,2026-03-10,1588.81,v1.0-naive
SKU-024,2026-03-10,2026-04-09,2063.61,v1.0-naive
SKU-024,2026-04-09,2026-05-09,1498.2,v1.0-naive
SKU-025,2025-05-14,2025-06-13,1034.21,v1.0-naive
SKU-025,2025-06-13,2025-07-13,917.51,v1.0-naive
SKU-025,2025-07-13,2025-08-12,1007.04,v1.0-naive
SKU-025,2025-08-12,2025-09-11,874.6,v1.0-naive
SKU-025,2025-09-11,2025-10-11,881.53,v1.0-naive
SKU-025,2025-10-11,2025-11-10,955.72,v1.0-naive
SKU-025,2025-11-10,2025-12-10,884.16,v1.0-naive
SKU-025,2025-12-10,2026-01-09,777.05,v1.0-naive
SKU-025,2026-01-09,2026-02-08,1069.44,v1.0-naive
SKU-025,2026-02-08,2026-03-10,1021.24,v1.0-naive
SKU-025,2026-03-10,2026-04-09,921.19,v1.0-naive
SKU-025,2026-04-09,2026-05-09,868.98,v1.0-naive
SKU-026,2025-05-14,2025-06-13,22.15,v2.0-seasonal
SKU-026,2025-06-13,2025-07-13,49.93,v2.0-seasonal
SKU-026,2025-07-13,2025-08-12,92.23,v2.0-seasonal
SKU-026,2025-08-12,2025-09-11,63.74,v2.0-seasonal
SKU-026,2025-09-11,2025-10-11,50.84,v2.0-seasonal
SKU-026,2025-10-11,2025-11-10,57.12,v2.0-seasonal
SKU-026,2025-11-10,2025-12-10,60.21,v2.0-seasonal
SKU-026,2025-12-10,2026-01-09,34.5,v2.0-seasonal
SKU-026,2026-01-09,2026-02-08,43.45,v2.0-seasonal
SKU-026,2026-02-08,2026-03-10,16.72,v2.0-seasonal
SKU-026,2026-03-10,2026-04-09,9.97,v2.0-seasonal
SKU-026,2026-04-09,2026-05-09,29.59,v2.0-seasonal
SKU-027,2025-05-14,2025-06-13,17.9,v1.0-naive
SKU-027,2025-06-13,2025-07-13,18.75,v1.0-naive
SKU-027,2025-07-13,2025-08-12,11.74,v1.0-naive
SKU-027,2025-08-12,2025-09-11,26.66,v1.0-naive
SKU-027,2025-09-11,2025-10-11,25.95,v1.0-naive
SKU-027,2025-10-11,2025-11-10,6.22,v1.0-naive
SKU-027,2025-11-10,2025-12-10,16.52,v1.0-naive
SKU-027,2025-12-10,2026-01-09,22.33,v1.0-naive
SKU-027,2026-01-09,2026-02-08,41.36,v1.0-naive
SKU-027,2026-02-08,2026-03-10,44.75,v1.0-naive
SKU-027,2026-03-10,2026-04-09,17.97,v1.0-naive
SKU-027,2026-04-09,2026-05-09,16.46,v1.0-naive
SKU-028,2025-05-14,2025-06-13,15.21,v1.0-naive
SKU-028,2025-06-13,2025-07-13,20.1,v1.0-naive
SKU-028,2025-07-13,2025-08-12,17.55,v1.0-naive
SKU-028,2025-08-12,2025-09-11,11.63,v1.0-naive
SKU-028,2025-09-11,2025-10-11,14.03,v1.0-naive
SKU-028,2025-10-11,2025-11-10,21.1,v1.0-naive
SKU-028,2025-11-10,2025-12-10,15.4,v1.0-naive
SKU-028,2025-12-10,2026-01-09,9.34,v1.0-naive
SKU-028,2026-01-09,2026-02-08,6.73,v1.0-naive
SKU-028,2026-02-08,2026-03-10,7.94,v1.0-naive
SKU-028,2026-03-10,2026-04-09,4.22,v1.0-naive
SKU-028,2026-04-09,2026-05-09,21.19,v1.0-naive
SKU-029,2025-05-14,2025-06-13,39.89,v1.0-naive
SKU-029,2025-06-13,2025-07-13,43.31,v1.0-naive
SKU-029,2025-07-13,2025-08-12,30.61,v1.0-naive
SKU-029,2025-08-12,2025-09-11,43.43,v1.0-naive
SKU-029,2025-09-11,2025-10-11,31.4,v1.0-naive
SKU-029,2025-10-11,2025-11-10,6.74,v1.0-naive
SKU-029,2025-11-10,2025-12-10,24.03,v1.0-naive
SKU-029,2025-12-10,2026-01-09,57.08,v1.0-naive
SKU-029,2026-01-09,2026-02-08,8.19,v1.0-naive
SKU-029,2026-02-08,2026-03-10,20.19,v1.0-naive
SKU-029,2026-03-10,2026-04-09,46.86,v1.0-naive
SKU-029,2026-04-09,2026-05-09,74.74,v1.0-naive
SKU-030,2025-05-14,2025-06-13,71.98,v1.0-naive
SKU-030,2025-06-13,2025-07-13,81.76,v1.0-naive
SKU-030,2025-07-13,2025-08-12,38.56,v1.0-naive
SKU-030,2025-08-12,2025-09-11,60.28,v1.0-naive
SKU-030,2025-09-11,2025-10-11,72.56,v1.0-naive
SKU-030,2025-10-11,2025-11-10,97.01,v1.0-naive
SKU-030,2025-11-10,2025-12-10,49.19,v1.0-naive
SKU-030,2025-12-10,2026-01-09,57.65,v1.0-naive
SKU-030,2026-01-09,2026-02-08,107.74,v1.0-naive
SKU-030,2026-02-08,2026-03-10,77.5,v1.0-naive
SKU-030,2026-03-10,2026-04-09,52.37,v1.0-naive
SKU-030,2026-04-09,2026-05-09,59.08,v1.0-naive
SKU-028,2026-04-27,2026-05-11,6.0,v1.0-p94-seed
SKU-029,2026-04-27,2026-05-11,4.0,v1.0-p94-seed
SKU-028,2026-05-04,2026-05-18,6.0,v1.0-p94-seed
SKU-029,2026-05-04,2026-05-18,4.0,v1.0-p94-seed
SKU-028,2026-05-11,2026-05-25,6.0,v1.0-p94-seed
SKU-029,2026-05-11,2026-05-25,4.0,v1.0-p94-seed
SKU-028,2026-05-18,2026-06-01,6.0,v1.0-p94-seed
SKU-029,2026-05-18,2026-06-01,4.0,v1.0-p94-seed
