sku_id,warehouse_id,on_hand,on_order,snapshot_date
SKU-001,WH-001,312,53,2026-05-19
SKU-001,WH-002,235,69,2026-05-19
SKU-002,WH-001,133,51,2026-05-19
SKU-002,WH-002,160,37,2026-05-19
SKU-003,WH-001,353,72,2026-05-19
SKU-003,WH-002,326,43,2026-05-19
SKU-004,WH-001,405,61,2026-05-19
SKU-004,WH-002,379,108,2026-05-19
SKU-005,WH-001,1350,0,2026-05-19
SKU-005,WH-002,246,87,2026-05-19
SKU-006,WH-001,219,56,2026-05-19
SKU-006,WH-002,163,31,2026-05-19
SKU-007,WH-001,448,47,2026-05-19
SKU-007,WH-002,499,71,2026-05-19
SKU-008,WH-001,1050,0,2026-05-19
SKU-008,WH-002,261,34,2026-05-19
SKU-009,WH-001,152,23,2026-05-19
SKU-009,WH-002,190,19,2026-05-19
SKU-010,WH-001,219,63,2026-05-19
SKU-010,WH-002,184,45,2026-05-19
SKU-011,WH-001,1738,770,2026-05-19
SKU-011,WH-002,1773,603,2026-05-19
SKU-012,WH-001,1594,552,2026-05-19
SKU-012,WH-002,1986,553,2026-05-19
SKU-013,WH-001,1354,506,2026-05-19
SKU-013,WH-002,1445,441,2026-05-19
SKU-014,WH-001,2017,809,2026-05-19
SKU-014,WH-002,2467,601,2026-05-19
SKU-015,WH-001,4066,1901,2026-05-19
SKU-015,WH-002,4962,920,2026-05-19
SKU-016,WH-001,3967,526,2026-05-19
SKU-016,WH-002,2963,1499,2026-05-19
SKU-017,WH-001,738,288,2026-05-19
SKU-017,WH-002,703,251,2026-05-19
SKU-018,WH-001,779,275,2026-05-19
SKU-018,WH-002,1181,281,2026-05-19
SKU-019,WH-001,1039,401,2026-05-19
SKU-019,WH-002,0,450,2026-05-19
SKU-020,WH-001,1086,262,2026-05-19
SKU-020,WH-002,861,232,2026-05-19
SKU-021,WH-001,1570,328,2026-05-19
SKU-021,WH-002,1703,437,2026-05-19
SKU-022,WH-001,0,440,2026-05-19
SKU-022,WH-002,934,368,2026-05-19
SKU-023,WH-001,529,138,2026-05-19
SKU-023,WH-002,665,141,2026-05-19
SKU-024,WH-001,0,650,2026-05-19
SKU-024,WH-002,1677,418,2026-05-19
SKU-025,WH-001,943,288,2026-05-19
SKU-025,WH-002,0,360,2026-05-19
SKU-026,WH-001,76,11,2026-05-19
SKU-026,WH-002,225,0,2026-05-19
SKU-027,WH-001,120,0,2026-05-19
SKU-027,WH-002,70,4,2026-05-19
SKU-028,WH-001,46,3,2026-05-19
SKU-028,WH-002,68,2,2026-05-19
SKU-029,WH-001,70,6,2026-05-19
SKU-029,WH-002,92,12,2026-05-19
SKU-030,WH-001,175,14,2026-05-19
SKU-030,WH-002,300,0,2026-05-19
