sku_id,location_id,week_start,planned_qty
SKU-026,WH-001,2026-06-08,200
SKU-026,WH-002,2026-06-08,200
SKU-001,WH-001,2026-06-08,10
SKU-011,WH-001,2026-06-08,150
SKU-012,WH-001,2026-06-08,150
SKU-013,WH-001,2026-06-08,150
SKU-014,WH-001,2026-06-08,150
SKU-015,WH-001,2026-06-08,150
SKU-016,WH-001,2026-06-08,150
SKU-017,WH-001,2026-06-08,150
SKU-018,WH-001,2026-06-08,150
SKU-019,WH-001,2026-06-08,150
SKU-020,WH-001,2026-06-08,150
SKU-021,WH-001,2026-06-08,150
SKU-022,WH-001,2026-06-08,150
SKU-023,WH-001,2026-06-08,150
SKU-024,WH-001,2026-06-08,150
SKU-025,WH-001,2026-06-08,150
SKU-011,WH-002,2026-06-08,100
SKU-012,WH-002,2026-06-08,100
SKU-013,WH-002,2026-06-08,100
SKU-014,WH-002,2026-06-08,100
SKU-015,WH-002,2026-06-08,100
SKU-016,WH-002,2026-06-08,100
SKU-017,WH-002,2026-06-08,100
SKU-018,WH-002,2026-06-08,100
SKU-019,WH-002,2026-06-08,100
SKU-020,WH-002,2026-06-08,100
SKU-021,WH-002,2026-06-08,100
SKU-022,WH-002,2026-06-08,100
SKU-023,WH-002,2026-06-08,100
SKU-024,WH-002,2026-06-08,100
SKU-025,WH-002,2026-06-08,100
SKU-026,WH-001,2026-06-15,200
SKU-026,WH-002,2026-06-15,200
SKU-001,WH-001,2026-06-15,10
SKU-011,WH-001,2026-06-15,100
SKU-012,WH-001,2026-06-15,100
SKU-013,WH-001,2026-06-15,100
SKU-014,WH-001,2026-06-15,100
SKU-015,WH-001,2026-06-15,100
SKU-016,WH-001,2026-06-15,100
SKU-017,WH-001,2026-06-15,100
SKU-018,WH-001,2026-06-15,100
SKU-019,WH-001,2026-06-15,100
SKU-020,WH-001,2026-06-15,100
SKU-021,WH-001,2026-06-15,100
SKU-022,WH-001,2026-06-15,100
SKU-023,WH-001,2026-06-15,100
SKU-024,WH-001,2026-06-15,100
SKU-025,WH-001,2026-06-15,100
SKU-011,WH-002,2026-06-15,100
SKU-012,WH-002,2026-06-15,100
SKU-013,WH-002,2026-06-15,100
SKU-014,WH-002,2026-06-15,100
SKU-015,WH-002,2026-06-15,100
SKU-016,WH-002,2026-06-15,100
SKU-017,WH-002,2026-06-15,100
SKU-018,WH-002,2026-06-15,100
SKU-019,WH-002,2026-06-15,100
SKU-020,WH-002,2026-06-15,100
SKU-021,WH-002,2026-06-15,100
SKU-022,WH-002,2026-06-15,100
SKU-023,WH-002,2026-06-15,100
SKU-024,WH-002,2026-06-15,100
SKU-025,WH-002,2026-06-15,100
SKU-026,WH-001,2026-06-22,200
SKU-026,WH-002,2026-06-22,200
SKU-001,WH-001,2026-06-22,10
SKU-011,WH-001,2026-06-22,100
SKU-012,WH-001,2026-06-22,100
SKU-013,WH-001,2026-06-22,100
SKU-014,WH-001,2026-06-22,100
SKU-015,WH-001,2026-06-22,100
SKU-016,WH-001,2026-06-22,100
SKU-017,WH-001,2026-06-22,100
SKU-018,WH-001,2026-06-22,100
SKU-019,WH-001,2026-06-22,100
SKU-020,WH-001,2026-06-22,100
SKU-021,WH-001,2026-06-22,100
SKU-022,WH-001,2026-06-22,100
SKU-023,WH-001,2026-06-22,100
SKU-024,WH-001,2026-06-22,100
SKU-025,WH-001,2026-06-22,100
SKU-011,WH-002,2026-06-22,100
SKU-012,WH-002,2026-06-22,100
SKU-013,WH-002,2026-06-22,100
SKU-014,WH-002,2026-06-22,100
SKU-015,WH-002,2026-06-22,100
SKU-016,WH-002,2026-06-22,100
SKU-017,WH-002,2026-06-22,100
SKU-018,WH-002,2026-06-22,100
SKU-019,WH-002,2026-06-22,100
SKU-020,WH-002,2026-06-22,100
SKU-021,WH-002,2026-06-22,100
SKU-022,WH-002,2026-06-22,100
SKU-023,WH-002,2026-06-22,100
SKU-024,WH-002,2026-06-22,100
SKU-025,WH-002,2026-06-22,100
SKU-026,WH-001,2026-06-29,200
SKU-026,WH-002,2026-06-29,200
SKU-001,WH-001,2026-06-29,10
SKU-011,WH-001,2026-06-29,100
SKU-012,WH-001,2026-06-29,100
SKU-013,WH-001,2026-06-29,100
SKU-014,WH-001,2026-06-29,100
SKU-015,WH-001,2026-06-29,100
SKU-016,WH-001,2026-06-29,100
SKU-017,WH-001,2026-06-29,100
SKU-018,WH-001,2026-06-29,100
SKU-019,WH-001,2026-06-29,100
SKU-020,WH-001,2026-06-29,100
SKU-021,WH-001,2026-06-29,100
SKU-022,WH-001,2026-06-29,100
SKU-023,WH-001,2026-06-29,100
SKU-024,WH-001,2026-06-29,100
SKU-025,WH-001,2026-06-29,100
SKU-011,WH-002,2026-06-29,100
SKU-012,WH-002,2026-06-29,100
SKU-013,WH-002,2026-06-29,100
SKU-014,WH-002,2026-06-29,100
SKU-015,WH-002,2026-06-29,100
SKU-016,WH-002,2026-06-29,100
SKU-017,WH-002,2026-06-29,100
SKU-018,WH-002,2026-06-29,100
SKU-019,WH-002,2026-06-29,100
SKU-020,WH-002,2026-06-29,100
SKU-021,WH-002,2026-06-29,100
SKU-022,WH-002,2026-06-29,100
SKU-023,WH-002,2026-06-29,100
SKU-024,WH-002,2026-06-29,100
SKU-025,WH-002,2026-06-29,100
SKU-026,WH-001,2026-07-06,200
SKU-026,WH-002,2026-07-06,200
SKU-001,WH-001,2026-07-06,10
SKU-011,WH-001,2026-07-06,100
SKU-012,WH-001,2026-07-06,100
SKU-013,WH-001,2026-07-06,100
SKU-014,WH-001,2026-07-06,100
SKU-015,WH-001,2026-07-06,100
SKU-016,WH-001,2026-07-06,100
SKU-017,WH-001,2026-07-06,100
SKU-018,WH-001,2026-07-06,100
SKU-019,WH-001,2026-07-06,100
SKU-020,WH-001,2026-07-06,100
SKU-021,WH-001,2026-07-06,100
SKU-022,WH-001,2026-07-06,100
SKU-023,WH-001,2026-07-06,100
SKU-024,WH-001,2026-07-06,100
SKU-025,WH-001,2026-07-06,100
SKU-011,WH-002,2026-07-06,100
SKU-012,WH-002,2026-07-06,100
SKU-013,WH-002,2026-07-06,100
SKU-014,WH-002,2026-07-06,100
SKU-015,WH-002,2026-07-06,100
SKU-016,WH-002,2026-07-06,100
SKU-017,WH-002,2026-07-06,100
SKU-018,WH-002,2026-07-06,100
SKU-019,WH-002,2026-07-06,100
SKU-020,WH-002,2026-07-06,100
SKU-021,WH-002,2026-07-06,100
SKU-022,WH-002,2026-07-06,100
SKU-023,WH-002,2026-07-06,100
SKU-024,WH-002,2026-07-06,100
SKU-025,WH-002,2026-07-06,100
SKU-026,WH-001,2026-07-13,200
SKU-026,WH-002,2026-07-13,200
SKU-001,WH-001,2026-07-13,10
SKU-011,WH-001,2026-07-13,100
SKU-012,WH-001,2026-07-13,100
SKU-013,WH-001,2026-07-13,100
SKU-014,WH-001,2026-07-13,100
SKU-015,WH-001,2026-07-13,100
SKU-016,WH-001,2026-07-13,100
SKU-017,WH-001,2026-07-13,100
SKU-018,WH-001,2026-07-13,100
SKU-019,WH-001,2026-07-13,100
SKU-020,WH-001,2026-07-13,100
SKU-021,WH-001,2026-07-13,100
SKU-022,WH-001,2026-07-13,100
SKU-023,WH-001,2026-07-13,100
SKU-024,WH-001,2026-07-13,100
SKU-025,WH-001,2026-07-13,100
SKU-011,WH-002,2026-07-13,100
SKU-012,WH-002,2026-07-13,100
SKU-013,WH-002,2026-07-13,100
SKU-014,WH-002,2026-07-13,100
SKU-015,WH-002,2026-07-13,100
SKU-016,WH-002,2026-07-13,100
SKU-017,WH-002,2026-07-13,100
SKU-018,WH-002,2026-07-13,100
SKU-019,WH-002,2026-07-13,100
SKU-020,WH-002,2026-07-13,100
SKU-021,WH-002,2026-07-13,100
SKU-022,WH-002,2026-07-13,100
SKU-023,WH-002,2026-07-13,100
SKU-024,WH-002,2026-07-13,100
SKU-025,WH-002,2026-07-13,100
SKU-026,WH-001,2026-07-20,200
SKU-026,WH-002,2026-07-20,200
SKU-001,WH-001,2026-07-20,10
SKU-011,WH-001,2026-07-20,100
SKU-012,WH-001,2026-07-20,100
SKU-013,WH-001,2026-07-20,100
SKU-014,WH-001,2026-07-20,100
SKU-015,WH-001,2026-07-20,100
SKU-016,WH-001,2026-07-20,100
SKU-017,WH-001,2026-07-20,100
SKU-018,WH-001,2026-07-20,100
SKU-019,WH-001,2026-07-20,100
SKU-020,WH-001,2026-07-20,100
SKU-021,WH-001,2026-07-20,100
SKU-022,WH-001,2026-07-20,100
SKU-023,WH-001,2026-07-20,100
SKU-024,WH-001,2026-07-20,100
SKU-025,WH-001,2026-07-20,100
SKU-011,WH-002,2026-07-20,100
SKU-012,WH-002,2026-07-20,100
SKU-013,WH-002,2026-07-20,100
SKU-014,WH-002,2026-07-20,100
SKU-015,WH-002,2026-07-20,100
SKU-016,WH-002,2026-07-20,100
SKU-017,WH-002,2026-07-20,100
SKU-018,WH-002,2026-07-20,100
SKU-019,WH-002,2026-07-20,100
SKU-020,WH-002,2026-07-20,100
SKU-021,WH-002,2026-07-20,100
SKU-022,WH-002,2026-07-20,100
SKU-023,WH-002,2026-07-20,100
SKU-024,WH-002,2026-07-20,100
SKU-025,WH-002,2026-07-20,100
SKU-026,WH-001,2026-07-27,200
SKU-026,WH-002,2026-07-27,200
SKU-001,WH-001,2026-07-27,10
SKU-011,WH-001,2026-07-27,100
SKU-012,WH-001,2026-07-27,100
SKU-013,WH-001,2026-07-27,100
SKU-014,WH-001,2026-07-27,100
SKU-015,WH-001,2026-07-27,100
SKU-016,WH-001,2026-07-27,100
SKU-017,WH-001,2026-07-27,100
SKU-018,WH-001,2026-07-27,100
SKU-019,WH-001,2026-07-27,100
SKU-020,WH-001,2026-07-27,100
SKU-021,WH-001,2026-07-27,100
SKU-022,WH-001,2026-07-27,100
SKU-023,WH-001,2026-07-27,100
SKU-024,WH-001,2026-07-27,100
SKU-025,WH-001,2026-07-27,100
SKU-011,WH-002,2026-07-27,100
SKU-012,WH-002,2026-07-27,100
SKU-013,WH-002,2026-07-27,100
SKU-014,WH-002,2026-07-27,100
SKU-015,WH-002,2026-07-27,100
SKU-016,WH-002,2026-07-27,100
SKU-017,WH-002,2026-07-27,100
SKU-018,WH-002,2026-07-27,100
SKU-019,WH-002,2026-07-27,100
SKU-020,WH-002,2026-07-27,100
SKU-021,WH-002,2026-07-27,100
SKU-022,WH-002,2026-07-27,100
SKU-023,WH-002,2026-07-27,100
SKU-024,WH-002,2026-07-27,100
SKU-025,WH-002,2026-07-27,100
