shipment_id,order_id,carrier,planned_ship_date,actual_ship_date,planned_delivery_date,actual_delivery_date,status
SH-CO-0005,CO-0005,CARRIER-A,2026-07-02,2026-07-05,2026-07-05,2026-07-08,delivered
SH-CO-0006,CO-0006,CARRIER-A,2026-07-02,2026-07-05,2026-07-05,2026-07-08,delivered
SH-CO-0007,CO-0007,CARRIER-B,2026-07-03,2026-07-03,2026-07-06,2026-07-10,delivered
SH-CO-0008,CO-0008,CARRIER-B,2026-07-03,2026-07-03,2026-07-06,2026-07-10,delivered
SH-CO-0009,CO-0009,CARRIER-A,2026-06-29,2026-06-29,2026-07-02,2026-07-02,delivered
SH-CO-0010,CO-0010,CARRIER-A,2026-06-28,2026-06-28,2026-07-01,2026-07-01,delivered
SH-CO-0011,CO-0011,CARRIER-A,2026-06-27,2026-06-27,2026-06-30,2026-06-30,delivered
SH-CO-0012,CO-0012,CARRIER-A,2026-06-26,2026-06-26,2026-06-29,2026-06-29,delivered
SH-CO-0013,CO-0013,CARRIER-A,2026-06-25,2026-06-25,2026-06-28,2026-06-28,delivered
SH-CO-0014,CO-0014,CARRIER-A,2026-06-24,2026-06-24,2026-06-27,2026-06-27,delivered
SH-CO-0015,CO-0015,CARRIER-A,2026-06-23,2026-06-23,2026-06-26,2026-06-26,delivered
SH-CO-0016,CO-0016,CARRIER-A,2026-06-22,2026-06-22,2026-06-25,2026-06-25,delivered
SH-CO-0017,CO-0017,CARRIER-A,2026-06-21,2026-06-21,2026-06-24,2026-06-24,delivered
SH-CO-0018,CO-0018,CARRIER-A,2026-06-20,2026-06-20,2026-06-23,2026-06-23,delivered
