sku_id,supplier_id,order_date,expected_arrival,quantity,status
SKU-001,SUP-001,2026-04-29,2026-05-10,200,delivered
SKU-001,SUP-001,2026-05-04,2026-05-23,100,in_transit
SKU-001,SUP-001,2026-04-19,2026-05-02,200,delivered
SKU-001,SUP-001,2026-04-25,2026-05-06,150,delivered
SKU-001,SUP-001,2026-04-17,2026-04-30,150,delivered
SKU-002,SUP-001,2026-04-17,2026-05-10,20,delivered
SKU-002,SUP-001,2026-05-03,2026-05-19,60,in_transit
SKU-002,SUP-001,2026-04-01,2026-04-19,40,delivered
SKU-002,SUP-001,2026-04-13,2026-05-05,80,delivered
SKU-003,SUP-001,2026-05-03,2026-06-09,20,pending
SKU-003,SUP-001,2026-04-21,2026-05-27,10,in_transit
SKU-003,SUP-001,2026-04-29,2026-05-18,10,delivered
SKU-004,SUP-001,2026-04-27,2026-05-18,75,delivered
SKU-004,SUP-001,2026-04-18,2026-05-15,50,delivered
SKU-004,SUP-001,2026-04-14,2026-04-28,50,delivered
SKU-005,SUP-001,2026-05-15,2026-05-28,90,in_transit
SKU-005,SUP-001,2026-04-04,2026-04-14,60,delivered
SKU-005,SUP-001,2026-04-02,2026-04-15,90,delivered
SKU-006,SUP-001,2026-04-05,2026-04-27,15,delivered
SKU-006,SUP-001,2026-05-08,2026-06-06,60,pending
SKU-006,SUP-001,2026-05-11,2026-06-07,60,pending
SKU-006,SUP-001,2026-05-07,2026-05-30,60,in_transit
SKU-006,SUP-001,2026-04-09,2026-05-02,30,delivered
SKU-007,SUP-001,2026-04-18,2026-05-01,40,delivered
SKU-007,SUP-001,2026-04-14,2026-04-26,40,delivered
SKU-007,SUP-001,2026-04-20,2026-05-10,120,delivered
SKU-007,SUP-001,2026-04-03,2026-04-15,160,delivered
SKU-007,SUP-001,2026-05-15,2026-05-31,160,in_transit
SKU-008,SUP-001,2026-05-03,2026-05-28,30,in_transit
SKU-008,SUP-001,2026-05-02,2026-05-26,20,in_transit
SKU-008,SUP-001,2026-05-07,2026-05-31,30,in_transit
SKU-008,SUP-001,2026-05-08,2026-06-02,10,pending
SKU-009,SUP-001,2026-05-13,2026-06-09,24,pending
SKU-009,SUP-001,2026-04-18,2026-05-15,16,delivered
SKU-009,SUP-001,2026-05-12,2026-06-19,16,pending
SKU-010,SUP-001,2026-04-23,2026-05-07,24,delivered
SKU-010,SUP-001,2026-04-22,2026-05-06,12,delivered
SKU-010,SUP-001,2026-04-30,2026-05-19,24,in_transit
SKU-011,SUP-002,2026-04-10,2026-04-18,400,delivered
SKU-011,SUP-002,2026-05-13,2026-05-20,400,in_transit
SKU-011,SUP-002,2026-05-01,2026-05-07,300,delivered
SKU-011,SUP-002,2026-05-10,2026-05-19,300,in_transit
SKU-012,SUP-002,2026-05-13,2026-05-17,800,delivered
SKU-012,SUP-002,2026-04-18,2026-04-24,400,delivered
SKU-012,SUP-002,2026-04-13,2026-04-19,400,delivered
SKU-013,SUP-002,2026-04-21,2026-05-01,200,delivered
SKU-013,SUP-002,2026-05-15,2026-05-21,50,in_transit
SKU-013,SUP-002,2026-05-07,2026-05-16,200,delivered
SKU-013,SUP-002,2026-04-11,2026-04-21,100,delivered
SKU-013,SUP-002,2026-04-28,2026-05-12,50,delivered
SKU-014,SUP-002,2026-05-12,2026-05-17,300,delivered
SKU-014,SUP-002,2026-04-11,2026-04-20,400,delivered
SKU-014,SUP-002,2026-04-27,2026-05-05,200,delivered
SKU-014,SUP-002,2026-04-07,2026-04-13,400,delivered
SKU-014,SUP-002,2026-04-13,2026-04-19,200,delivered
SKU-015,SUP-002,2026-04-14,2026-04-18,500,delivered
SKU-015,SUP-002,2026-04-24,2026-05-01,500,delivered
SKU-015,SUP-002,2026-04-30,2026-05-06,1000,delivered
SKU-015,SUP-002,2026-04-19,2026-04-24,1500,delivered
SKU-015,SUP-002,2026-04-22,2026-04-25,1500,delivered
SKU-016,SUP-002,2026-05-10,2026-05-13,2000,delivered
SKU-016,SUP-002,2026-04-10,2026-04-14,1000,delivered
SKU-016,SUP-002,2026-04-09,2026-04-13,2000,delivered
SKU-016,SUP-002,2026-04-08,2026-04-13,2000,delivered
SKU-017,SUP-002,2026-05-03,2026-05-15,100,delivered
SKU-017,SUP-002,2026-04-11,2026-04-22,100,delivered
SKU-017,SUP-002,2026-05-01,2026-05-11,50,delivered
SKU-017,SUP-002,2026-05-16,2026-05-25,200,in_transit
SKU-017,SUP-002,2026-04-21,2026-05-06,200,delivered
SKU-018,SUP-002,2026-05-13,2026-05-22,90,in_transit
SKU-018,SUP-002,2026-04-30,2026-05-18,90,delivered
SKU-018,SUP-002,2026-04-05,2026-04-18,120,delivered
SKU-019,SUP-002,2026-05-02,2026-05-11,25,delivered
SKU-019,SUP-002,2026-05-05,2026-05-16,25,delivered
SKU-019,SUP-002,2026-04-29,2026-05-09,25,delivered
SKU-019,SUP-002,2026-04-23,2026-05-01,25,delivered
SKU-020,SUP-002,2026-05-02,2026-05-11,120,delivered
SKU-020,SUP-002,2026-04-24,2026-05-04,160,delivered
SKU-020,SUP-002,2026-04-11,2026-04-20,120,delivered
SKU-020,SUP-002,2026-05-06,2026-05-20,160,in_transit
SKU-021,SUP-002,2026-04-14,2026-04-18,100,delivered
SKU-021,SUP-002,2026-05-14,2026-05-20,400,in_transit
SKU-021,SUP-002,2026-04-26,2026-05-04,400,delivered
SKU-021,SUP-002,2026-05-14,2026-05-21,100,in_transit
SKU-022,SUP-002,2026-04-08,2026-04-20,75,delivered
SKU-022,SUP-002,2026-05-11,2026-05-18,225,delivered
SKU-022,SUP-002,2026-04-06,2026-04-11,75,delivered
SKU-023,SUP-002,2026-05-07,2026-05-19,120,in_transit
SKU-023,SUP-002,2026-05-12,2026-05-26,60,in_transit
SKU-023,SUP-002,2026-04-02,2026-04-14,120,delivered
SKU-024,SUP-002,2026-04-26,2026-05-04,60,delivered
SKU-024,SUP-002,2026-04-08,2026-04-20,60,delivered
SKU-024,SUP-002,2026-04-30,2026-05-09,120,delivered
SKU-025,SUP-002,2026-05-06,2026-05-17,80,delivered
SKU-025,SUP-002,2026-04-25,2026-05-02,80,delivered
SKU-025,SUP-002,2026-04-18,2026-04-28,160,delivered
SKU-025,SUP-002,2026-05-13,2026-05-23,40,in_transit
SKU-025,SUP-002,2026-04-16,2026-05-05,120,delivered
SKU-026,SUP-003,2026-04-27,2026-05-31,20,in_transit
SKU-026,SUP-003,2026-05-04,2026-06-18,10,pending
SKU-026,SUP-003,2026-04-13,2026-05-20,5,in_transit
SKU-027,SUP-003,2026-04-29,2026-07-18,6,pending
SKU-027,SUP-003,2026-04-07,2026-06-07,6,pending
SKU-027,SUP-003,2026-04-07,2026-05-13,9,delivered
SKU-027,SUP-003,2026-04-22,2026-06-17,9,pending
SKU-028,SUP-003,2026-05-14,2026-08-15,2,pending
SKU-028,SUP-003,2026-04-23,2026-07-26,8,pending
SKU-028,SUP-003,2026-05-10,2026-08-12,4,pending
SKU-028,SUP-003,2026-05-04,2026-07-26,6,pending
SKU-029,SUP-003,2026-04-20,2026-06-29,15,pending
SKU-029,SUP-003,2026-05-03,2026-06-11,5,pending
SKU-029,SUP-003,2026-04-20,2026-06-01,5,pending
SKU-030,SUP-003,2026-05-01,2026-08-10,2,pending
SKU-030,SUP-003,2026-04-10,2026-06-15,4,pending
SKU-030,SUP-003,2026-05-12,2026-08-03,4,pending
SKU-030,SUP-003,2026-04-26,2026-06-12,8,pending
